model,r2_test,mae_test,rmse_test,r2_cv_mean,r2_cv_std,train_time_s
LinearRegression,0.9998892090309449,4.04930020459257,5.097216287971862,0.9998835008131455,9.638834627637168e-06,0.020806599990464747
Ridge,0.9998866114515512,4.092580788782586,5.15662416571459,0.9998790419614038,8.654434291536014e-06,0.008400400052778423
GradientBoosting,0.9996428619932917,6.413678255458195,9.151639768807827,0.9996535461446852,5.1566511300816445e-05,1.7861465000314638
RandomForest,0.9996146324610355,6.0221161,9.506451710004502,0.9995627436375069,0.00012265298877591778,2.169635800004471
ElasticNetCV,0.9980341621097645,13.299267706788116,21.4711216463885,0.9981789454050283,0.00010948590041538232,0.5101144000072964
